nó1,nó2
Ddal_g22,TaikaWaititi
PM73210412,BellatrixPat
imnymphadora,Janice_Lopez
MrGreenSauce,TaikaWaititi
EMH_9514,TaikaWaititi
Itxsciencebro,rawreesparza
jdanieloliveira,TaikaWaititi
suriya_h12,HiddlesArmy
PM73210412,mommycat33
yukiru0801,HiddlesPage
osmt_99,reammm
thanyariat_,TowerwhiteDani
osmt_99,reammm
havealotofships,yerawizardberi
Moti_Mondays,Snowj7788
flatbushzombae,TaikaWaititi
NadiZsky,martu74
IuIamays,TaikaWaititi
GauravSaha,TaikaWaititi
PM73210412,orenjipark
noeyszone,MintMovie
paulypockett,TaikaWaititi
boonmane,n0namae
Zakaria53939279,thorofficial
5762456Gina,HiddlesPage
Ectomane,JoyceDuboise
CHyCDy,MintMovie
Yuukibozu,yerawizardberi
PinPoint_Com,ElAquelarre_
PinPoint_Com,monicahuarte
PinPoint_Com,iv_moony
PinPoint_Com,fRiDUchA9
supersuang,TaikaWaititi
Snowman_Cookie,TaikaWaititi
StacyHD,TaikaWaititi
ReyesRmrz,TaikaWaititi
MoreyRodriquez,RottenTomatoes
arturocks_,iv_moony
arturocks_,monicahuarte
odongdong316,reammm
whirlwtind,TaikaWaititi
_95TUNQ,ilovetaohun
reia_hizaki,TaikaWaititi
arturocks_,PinPoint_Com
arturocks_,ElAquelarre_
arturocks_,monicahuarte
arturocks_,iv_moony
arturocks_,fRiDUchA9
fairplay2528,TaikaWaititi
EveryTweetEver_,RottenTomatoes
machelli,TaikaWaititi
elyk_kyle,HiltonCollins
BruceBernados,TaikaWaititi
tomtificate,TaikaWaititi
emilaayy_31,yerawizardberi
adizaaaaaa,GeeksOfColor
adizaaaaaa,ava
adizaaaaaa,TessaThompson_x
MagicABall,TaikaWaititi
AliRozaiddin,TaikaWaititi
TerrillB21,RottenTomatoes
_Hippocrip,TaikaWaititi
Coniilt,TaikaWaititi
jazzmrose,TaikaWaititi
5762456Gina,hiddlethings
MakIStinson,TaikaWaititi
samonji_33,xpeachful
chuchuziiz,filmfanthailand
GOGOZEPPELl,yerawizardberi
panitnan_june,MovieTickets
KrisKai_MYBOYS,MintMovie
Connor_is_Films,TaikaWaititi
SalMarra927,MaskandHammer
mee3ka,TaikaWaititi
istanrickgrimes,yerawizardberi
TipsyReview,deathbyfilmpod
5762456Gina,HiddlesPage
Larb_ss,TaikaWaititi
EnriiqueRiivera,comix_mx
EnriiqueRiivera,Comics_Geek_TV
EnriiqueRiivera,FilmsGalaxy14
EnriiqueRiivera,TierraCeroBlog
EnriiqueRiivera,TheShowMarvel
EnriiqueRiivera,7gennabg
EnriiqueRiivera,BuhardiMarvel
EnriiqueRiivera,VENCOMICS_1
xkarura,TaikaWaititi
_jlklk,MarvelThailand
sancabmx,TaikaWaititi
KrisKai_MYBOYS,kokokosir
emmabellarke,TaikaWaititi
Galactyy,TaikaWaititi
dreamagicaldis2,TaikaWaititi
theSavitr,TaikaWaititi
iAmMarkusStan,TaikaWaititi
kerojung_s,TaikaWaititi
FRoque9,RottenTomatoes
privateejje,TaikaWaititi
Snowydoll_pn,Purrisetsky
dragonsbubble,MuslimIQ
KrisKai_MYBOYS,IzzaBlingBelL
CEKhim,MarvelThailand
aj_zavala,TaikaWaititi
adeezglrl,Christy41970
licanthropes,TaikaWaititi
dragonsbubble,idriselba
alphajaeger,yerawizardberi
_Nasreddiin,yerawizardberi
AZ_Boilermaker,MikeZimAuthor
AZ_Boilermaker,prowrestlingaz
susuqy,thorofficial
HappyADian,BOCIndia
ALC2K16,thorofficial
lolipop_lily,TaikaWaititi
tasalinas,JoyceDuboise
Gmanisai,thorofficial
Cuculiess,Thor_Analete
Cuculiess,Juan9207
jsereneareaj,TaikaWaititi
comix_mx,EnriiqueRiivera
comix_mx,Comics_Geek_TV
comix_mx,FilmsGalaxy14
comix_mx,TierraCeroBlog
comix_mx,TheShowMarvel
comix_mx,7gennabg
comix_mx,BuhardiMarvel
comix_mx,VENCOMICS_1
misawo_eng,TaikaWaititi
istanrickgrimes,Lydgalaxy
lonwyacoki,yerawizardberi
VNGJIE,TaikaWaititi
PlayPartyPlan,JoyceDuboise
KC_cherry_WU,Malina_dim
GALaBonty,TaikaWaititi
LLEeB1,Purrisetsky
Gopisai007,taran_adarsh
formerdownpour,Lydgalaxy
Kelzzy,TaikaWaititi
Scarlet___W,Alexa_520
MaximumCortez,KobrynKai
noguiltlife,JoyceDuboise
seevanessacraft,Christy41970
_plambert,TaikaWaititi
Beastmegs,TaikaWaititi
N_Feather,MarvelThailand
liifeisaloha,HiddlesPage
darthjarjar,TaikaWaititi
chubbsdumpling,TaikaWaititi
chupandoseb,TaikaWaititi
mieczstydia,HiddlesPage
DesertChica,Christy41970
marvelous_wh,TaikaWaititi
tarsusingkirk,TaikaWaititi
fffa273,TaikaWaititi
yourlimonka,Mr__Underworld
adiit365,TaikaWaititi
GenXGrownUp,BookshelfTally
andres_cruz827,elbuglediario
goblinvogue,yerawizardberi
itsliamsfork,ChrisEvans
TanatOs_018,TaikaWaititi
itsliamsfork,chrishemsworth
Beunnieee,MintMovie
khimTF,TaikaWaititi
ronyptrsn,TaikaWaititi
joem531,NattidaK015
grace_sabine,TaikaWaititi
walizsz,TaikaWaititi
rudylonia,TaikaWaititi
TempletonTJones,TaikaWaititi
hescityangel,RottenTomatoes
mily_B43,TaikaWaititi
n0namae,TaikaWaititi
lilysrss,Purrisetsky
cokecoke2449,TaikaWaititi
babanooc,TaikaWaititi
Illogical_JN,TaikaWaititi
LionelKJohnson,TaikaWaititi
CleanMoneyDirt,RottenTomatoes
kananmaris,larry_draws
tanejamainhoon,TaikaWaititi
Lordofgotham,HiltonCollins
Purple_Rules,TaikaWaititi
zundahama,TaikaWaititi
fyjikook,RottenTomatoes
vxgandanixl,yerawizardberi
SkinderDinder,TaikaWaititi
AVITUSRlX,Purrisetsky
Duosamadesu,TaikaWaititi
CrizzyLolz,RottenTomatoes
2uThatsIt,TaikaWaititi
redazarath,TaikaWaititi
Ccobuk_2_5,TaikaWaititi
Nontoners,TaikaWaititi
muhd__________,zulfaqar1994
sectumzempra,AlizziaYGirl
NajNaim,zulfaqar1994
TweesTweets,TaikaWaititi
godfuryAVENGER,TaikaWaititi
monniedlc,TaikaWaititi
ProyectoOLLG__1,chrishemsworth
roscheaux,TaikaWaititi
gleekuniptx,TaikaWaititi
PreachermanRuss,RottenTomatoes
owlseyesincity,TaikaWaititi
kananmaris,KnightsOfRant
Lucasflwabs,TaikaWaititi
burdokop,TaikaWaititi
carrotpanko,TaikaWaititi
saidatulanissa,HiddlesPage
ProyectoOLLG__1,ChrisEvans
forsorrows,TaikaWaititi
DiseloWil,RottenTomatoes
RocketAgo,TaikaWaititi
TheHolyFajita,TaikaWaititi
KC_cherry_WU,Rikuo_Kami
farhahhh,zulfaqar1994
lemonchickpeach,sell_i_roots
kananmaris,ArtTwilightah
alejandrodqs,TaikaWaititi
Bellhelly,bradwinderbaum
SONE_9_FOREver,kadkung17
hazy_mf,TaikaWaititi
Mehulkumar783,taran_adarsh
malviYoonGied,RottenTomatoes
3kping,TaikaWaititi
iqrammmmm,zulfaqar1994
_maiiofficial,TaikaWaititi
nrokajtan,b2cey
katpapov,MuslimIQ
sharpNAM,TaikaWaititi
childem,TaikaWaititi
pikaruchi,kokokosir
syamilyahaya,TaikaWaititi
IsThatBigD,RottenTomatoes
littlesherry,HiddlesArmy
Raghavspeaks,HiltonCollins
Sally_812,TaikaWaititi
tsumetai_ame,Alexa_520
k1msnwn,Srta_60s
hantubungkus_,TaikaWaititi
nrokajtan,Wonderstruck_LM
wowbenedict,yerawizardberi
sawctor,TaikaWaititi
pookong,HiddlesPage
maverickinator,RottenTomatoes
DWadger11,TaikaWaititi
kakuzatou1,TaikaWaititi
hobbitori,TaikaWaititi
opph20,TaikaWaititi
Vonice,TaikaWaititi
Gain_Nathini,YJBC992
YourOldJon,TaikaWaititi
Mijeaux,TaikaWaititi
TorunMai,TaikaWaititi
_OliviaaaG,RottenTomatoes
DanielDzaqi,zulfaqar1994
MiraHosaini,zulfaqar1994
maidecaglar,TaikaWaititi
corporal_angua,TaikaWaititi
goldenredheart,TaikaWaititi
iamamyth,TaikaWaititi
sURYYYYYo,TaikaWaititi
dumbcinemaholic,TaikaWaititi
mmorse1017,mattrushing02
mmorse1017,ComicBook
choiraewonramun,ChonthichaNBeer
ScottEdmondson,TaikaWaititi
ume_woman,reammm
anthonypermal,TaikaWaititi
batmouri,TaikaWaititi
KC_cherry_WU,Purrisetsky
gguddok33,reammm
nurulfazzy,zulfaqar1994
saint_jimmy27,TaikaWaititi
hawaii_lei,boxofficemojo
hawaii_lei,WonderTheMovie
AriVanderbilt,TaikaWaititi
brittanyaliera,TowerwhiteDani
shadez,TaikaWaititi
dokyschitta_,MarvelThailand
meliikasa,TaikaWaititi
_syxkyrx,zulfaqar1994
danothamano23,RottenTomatoes
marly2440,THiddlestonMx
DistantLaugh,TaikaWaititi
marly2440,THiddlestonMx
marly2440,THiddlestonMx
ethanxrih,TaikaWaititi
cozycozy16_cozy,TaikaWaititi
JBPositiveVibes,TaikaWaititi
do_owners,zulfaqar1994
FarisInParis,TaikaWaititi
Inoue_Tsukai,Rikuo_Kami
jonnyschueller,boxofficemojo
jonnyschueller,WonderTheMovie
JASON2682041,TaikaWaititi
mondocomics2013,TaikaWaititi
felicitanee,TaikaWaititi
ssenunnii_,zulfaqar1994
thetruempress,TaikaWaititi
Evil_Ryu_80,TaikaWaititi
INeedja_Kadeeja,TaikaWaititi
HammerTAsguard,thorofficial
Orfea_Nera,TaikaWaititi
yppeej,MintMovie
abitorress99,JerryFuentes88
HIGI_ganzweiss,TaikaWaititi
ikomega,TaikaWaititi
sasha_nyaasha,HiddlesPage
Alx_Kane,RottenTomatoes
magicboyra,TaikaWaititi
Yanisa_Chv,Srta_60s
MissAbiKinz,TaikaWaititi
KC_cherry_WU,ochin_wanida
317_stephany,MarvelLatin
cjitkup,TaikaWaititi
chino_chino_,TaikaWaititi
syedzainnajam,TaikaWaititi
GrindheadJim,Marvel
iorch421,TaikaWaititi
k3dick,TaikaWaititi
Survets_s,TaikaWaititi
N0V_TF,MarvelThailand
ainanajmina,zulfaqar1994
olkj1024,reammm
uo_nysm,TaikaWaititi
RDTNDR,TaikaWaititi
darthsean85,TaikaWaititi
zzoyo_,TaikaWaititi
prongsied,racheljpierce
C0nstantM0tion,TaikaWaititi
iChayPa,TaikaWaititi
VEdwards2106,smithsonian
VEdwards2106,SmithsonianFolk
geeky_hooker,TaikaWaititi
jamaljdin,zulfaqar1994
oatto_rhythm,Filmzlap
_qo_0p__,TaikaWaititi
AtchooToo,TaikaWaititi
helmi15674,zulfaqar1994
LifeAddicts,Filmzlap
EinnimR,TaikaWaititi
Buckyismylife,TaikaWaititi
abgm_88,HiddlesPage
Salas_D_,TaikaWaititi
KrsJams,DoubleDenimWolf
KrsJams,neilhimself
KrsJams,TaikaWaititi
EarlMarrowIV,SuperheroPOLL
Homemade99,TaikaWaititi
tekupla,TaikaWaititi
kin0223255,xpeachful
BB_ankle,TaikaWaititi
raflycanfly,TaikaWaititi
kampusfilmID,TaikaWaititi
SuDip7_7,TaikaWaititi
NicholasJLevi,TaikaWaititi
bakaafomanuke,A_PeterParker
bakaafomanuke,NishinaTaka
HeavnerMia,yerawizardberi
Daayani1A,NattidaK015
FancakeTV760,JoyceDuboise
samurai_kung_fu,TaikaWaititi
RascalFKennedy,TaikaWaititi
RogerMatos23,TaikaWaititi
2kmilesaway,TaikaWaititi
2kmilesaway,chrishemsworth
pondheartt,TaikaWaititi
NK0725,TaikaWaititi
SerSkullgrin,kortizart
TusharS93048505,TaikaWaititi
newiiezkroos,TaikaWaititi
darkswanwing,Malina_dim
mnrsyy,teresomza
LightVampire,TaikaWaititi
celeste_self,TaikaWaititi
liveforfandom,TaikaWaititi
Psychic319,ComicBookCast
3kping,weepingangel013
Bell47849383,kadkung17
marklawrence,damonayoung
marklawrence,inexorablist
_mermin,ilovetaohun
celeste_self,Purrisetsky
non__grata,TaikaWaititi
rlaurich,Daniel_DeRango
rlaurich,imsuperman
Kishy47,TaikaWaititi
contest_crazy,JoyceDuboise
Condawgger,TaikaWaititi
Fratozero,Filmzlap
celeste_self,kokokosir
susi079,HiddlesArmy
Prakash01617102,LMKMovieManiac
narcisolema,HiltonCollins
Castimitri,RottenTomatoes
ashely339,HiddlesPage
Ploypigz13,Filmzlap
onlyme_fs,TaikaWaititi
Guiiasouza,TaikaWaititi
CherokeeFemme,TaikaWaititi
FAHMUIKA,Filmzlap
celeste_self,dxvid616
scifisoul,yerawizardberi
inholeGyu,Filmzlap
20FriedPotatoes,bigbatchofcumbr
_grvii,Filmzlap
FernandoBaeza22,RottenTomatoes
ravirajsingh281,taran_adarsh
assiralam,TaikaWaititi
jb90703,TaikaWaititi
NapusP_,Alexa_520
stephaniedemner,chrishemsworth
stephaniedemner,MarkRuffalo
stephaniedemner,MarvelLATAM
oyunnnnn_,zulfaqar1994
MarozaSulaiman,TaikaWaititi
celeste_self,tenorbuds
hollywoodadi,FlickFix
hollywoodadi,TWBDPodcast
celeste_self,thorofficial
KRitthaisong,TaikaWaititi
jesseytmln,Purrisetsky
yohoyohoyo1414,TomHollandTL
Pintira_K,TaikaWaititi
celeste_self,HiddlesArmy
vedant_6,TaikaWaititi
Ladyjdt95,boxofficemojo
Ladyjdt95,WonderTheMovie
FashionAlright,Purrisetsky
SarahAlbegami,TaikaWaititi
jesseytmln,tenorbuds
celeste_self,Marvel
celeste_self,MeinerdingArt
celeste_self,SamsungMobileUS
susi079,noguiltlife
susi079,TessaThompson_x
susi079,drekkydrimm
VT_VijayMSDCena,AbiDhonifan
s_yuuyii,MintMovie
7rakmae,reammm
SHINee_NhomChun,HiddlesPage
s_yuuyii,TaikaWaititi
NerdGirlCrystal,thebeccascott
CoKlAtKoKo12,zulfaqar1994
aiman__b,TaikaWaititi
arociorl,HiddlesPage
najjil97,chrishemsworth
nathndrake,TaikaWaititi
castres21,reammm
AimanIqwan,zulfaqar1994
pccote66,GiteshPandya
8787sh87,TaikaWaititi
ypsilon_s,TaikaWaititi
s_yuuyii,HiddlesPage
CaityLaner,TaikaWaititi
KikeCard2,IniciativaV
pppp_alyyyy,Filmzlap
brixnoelle,TaikaWaititi
goblinvogue,larry_draws
s_yuuyii,dxvid616
FilmGeeks88,TaikaWaititi
aafiqz1,zulfaqar1994
russburlingame,markhughesfilms
gloriarockmetal,MarvelLATAM
MsTrixieTang,RottenTomatoes
Nightray__,TaikaWaititi
dokuhakuzeyo,TaikaWaititi
MarkusTheMormon,chrishemsworth
Hashigo_Tenmei,TaikaWaititi
MarkusTheMormon,chrishemsworth
BananaDevil_,Wonderstruck_LM
hordegurl4life,JoyceDuboise
LUCASJAMS,yerawizardberi
NinjaGreg34,RottenTomatoes
strongstufftom,TaikaWaititi
martianReihiko,TaikaWaititi
Kimmy_Ramey,MarvelStudios
_ThrasherC,TaikaWaititi
IXA_RISING,TaikaWaititi
wblack1125,JoyceDuboise
MMMeph,MintMovie
AzzAliff,zulfaqar1994
sppalitchoke,barasureo
90420s,yerawizardberi
sppalitchoke,M4rururu
ansatqh_,zulfaqar1994
poedamercn,larry_draws
TammyZena,JoyceDuboise
sppalitchoke,Purrisetsky
taikaawaititi,larry_draws
abittles16,larry_draws
xxellemm,TaikaWaititi
CHANISMAMA,Wonderstruck_LM
CHANISMAMA,ilovetaohun
CHANISMAMA,MintMovie
Moleculars,TaikaWaititi
nerdoutapp,TaikaWaititi
di_hiddy,HiddlesPage
muantuan,TaikaWaititi
seanbailey15,TaikaWaititi
enbxxyh,filmfanthailand
CHANISMAMA,GKhiddles
havealotofships,chrishemsworth
CynicalDeadster,TaikaWaititi
finnsspilot,larry_draws
Stingertail,TaikaWaititi
eee_y95y,ilovetaohun
syoko_secretary,TaikaWaititi
CHANISMAMA,holbein41
Keztii_PinkyRox,n0namae
TLTP_,reammm
Keztii_PinkyRox,LucaVannella
TLTP_,reammm
jeansataporn,TaikaWaititi
AriffinHamka,zulfaqar1994
avantileneige,thorofficial
CHANISMAMA,GKhiddles
CHANISMAMA,emily_ferorina
RicardoCantill0,TaikaWaititi
SayfTurkomani,TaikaWaititi
CHANISMAMA,MintMovie
teresomza,n0namae
kkimmiqx9,thorofficial
ProblemsUpHere,TaikaWaititi
coachnajib,zulfaqar1994
bbenzkk_,n0namae
kilgravee,RottenTomatoes
sppalitchoke,HaljaOfDeath
ratedsrk,taran_adarsh
sppalitchoke,ChonthichaNBeer
TEdtY33,TaikaWaititi
Keztii_PinkyRox,Srta_60s
ivnprss,TaikaWaititi
TravisLenz1,RottenTomatoes
raoufarif,TaikaWaititi
meeeemet,TaikaWaititi
sppalitchoke,chillaxing_7
aya_saru_l4,TaikaWaititi
workout88marvel,TaikaWaititi
sppalitchoke,n0namae
jjgreenblack,TaikaWaititi
CHANISMAMA,filmfanthailand
dinahsoracle,TaikaWaititi
Galileo908,TaikaWaititi
sppalitchoke,Purrisetsky
s_yuuyii,HiddlesFashion
reysphsma,TaikaWaititi
EddaSabin31,twhiddleston
EddaSabin31,G_Eazy
SWSondheimer,TaikaWaititi
teresomza,filmfanthailand
Redamber_dream,HiddlesPage
Redamber_dream,HiddlesPage
TanzilaAngel14,Marvel
s_yuuyii,MintMovie
thahtpang,TaikaWaititi
TanzilaAngel14,Marvel
_grvii,chrishemsworth
DarkTN4,MintMovie
kny072535hg,TaikaWaititi
NickBossRoss,TaikaWaititi
ORBs_T,n0namae
_grvii,Asahina_MM
MirandaSman,JoyceDuboise
___Interstellar,TaikaWaititi
s_yuuyii,racheljpierce
Faydaepalm,filmfanthailand
_grvii,Asora_Pis
JeJeePJ,ilovetaohun
najihahshaik,nfairuz01
mattymushh,TaikaWaititi
jostenmccall,yerawizardberi
SHINee_NhomChun,n0namae
thforgshtoohsm,TaikaWaititi
_grvii,MintMovie
SHINee_NhomChun,filmfanthailand
penguinn_pine,Srta_60s
babygroot_2,TaikaWaititi
15Quit,filmfanthailand
ShiroyukiAoi,Filmzlap
DarkTN4,Filmzlap
junioroyaIe,larry_draws
mcelgoof,larry_draws
AlineThupako,thorofficial
brelpkin,Roku_21
YunjAeGuU,filmfanthailand
brelpkin,Srta_60s
miagikmex,ZazilHaXaman
miagikmex,hot4hiddles
miagikmex,raha_shreyasi
brelpkin,kadkung17
00FIERR0,yerawizardberi
_bojangg,TaikaWaititi
IamIsyrtk,filmfanthailand
syada_iLtizaM,zulfaqar1994
16NISH,TaikaWaititi
MarioOrnelas517,TaikaWaititi
neru_veha,TomHollandTL
Nollie38,TaikaWaititi
havealotofships,chrishemsworth
havealotofships,twhiddleston
havealotofships,TaikaWaititi
Mason4M,RottenTomatoes
havealotofships,Cantashi
skitzMcgurk,TaikaWaititi
Mapy_0323,n0namae
gunducci,TaikaWaititi
brelpkin,Lilyhzt
shingaladhaval,BollyArena
sulindebot,TaikaWaititi
magnusismine,HiddlesPage
Xion_Sempai,Cantashi
aymsh_94,n0namae
ThotimusPrime43,TaikaWaititi
neru_veha,TomHollandTL
Sharelilyy,filmfanthailand
mujahidirfan201,zulfaqar1994
play6661,TaikaWaititi
00ghkdus,reammm
binnie_charita,andyparkart
AjSuliman,TaikaWaititi
hanxine,SageHyden
AGAWland,JoyceDuboise
thevalkyrior,larry_draws
Kkatepine,filmfanthailand
etilworg,Cantashi
Noire11142,TaikaWaititi
connorFpickett,TaikaWaititi
carobainotti,TaikaWaititi
tinkerbecca_,TaikaWaititi
neru_veha,TomHollandTL
hscptcrash,TaikaWaititi
LLEeB1,filmfanthailand
jgardner1138,larry_draws
XPuchoX86,RottenTomatoes
AlineThupako,Raid71
AlineThupako,TaikaWaititi
arzhb01,zulfaqar1994
LehreWala,TaikaWaititi
LehreWala,bradwinderbaum
MMMeph,TaikaWaititi
Fk120897,filmfanthailand
ShinxBoy01,TaikaWaititi
lexandra_north,FeltonGryff
fernx18,TaikaWaititi
RoninUnchained,TaikaWaititi
BrigittMese,andyparkart
Keztii_PinkyRox,TaikaWaititi
Daayani1A,Purrisetsky
bluetotallyspy,TaikaWaititi
ByronSeale,TaikaWaititi
davidpockets90,TaikaWaititi
0815tubaki,chrishemsworth
Andy_JiatongLi,Purrisetsky
pochorenella,boxofficemojo
pochorenella,WonderTheMovie
mutmainnahTfk,larry_draws
Damaged95,markhughesfilms
STAR1BEBE,filmfanthailand
kyashy666,TaikaWaititi
Rainmaker1200,TaikaWaititi
Ms_Larson_,dramakhalesee
nUlabeledNorman,MarkMahon
EclairBaka,Srta_60s
CandanceOrtlieb,andyparkart
Americanwom6n3a,MarkMahon
STAR1BEBE,Filmzlap
jvr652,MarkMahon
mashedF,TaikaWaititi
esoinstantsites,MarkMahon
jamie_salinsg,MarkMahon
oCntractCoomre,MarkMahon
KeenandGrvae,MarkMahon
dodeca_melon,TaikaWaititi
inahita,TaikaWaititi
kyle_hyde,TaikaWaititi
amrriedtoarym,MarkMahon
sullysillysully,TaikaWaititi
tannougat,reammm
degeneratejon,TaikaWaititi
lay__yeol,TaikaWaititi
takealookCB4S,MarkMahon
r3dScreenQuene,MarkMahon
FaySalinthip,Wonderstruck_LM
ednnis1906,MarkMahon
AnneCaballore,MarkMahon
nigridcarlos,MarkMahon
THanawin_R,MintMovie
fang_jinutda,filmfanthailand
SUPER_OTAKU12,RottenTomatoes
tSarsHocke9y,MarkMahon
EmiliBahn,MarkMahon
Artzthisng,MarkMahon
THanawin_R,TaikaWaititi
VinnieMancuso1,TaikaWaititi
tohnomiyuki00,TaikaWaititi
zgkflsz,TaikaWaititi
ChristianEReeys,MarkMahon
tommyih,TaikaWaititi
bietmatthew16,TaikaWaititi
hTeDealMnu,MarkMahon
SKHussai77n7,MarkMahon
YimmuiMayo,thorofficial
kevinkevx,Asahina_MM
U_ka_mcu,TaikaWaititi
woodburyniasns,MarkMahon
jE_SallyT,MarkMahon
ePterBecic,MarkMahon
JayDeMoir,RottenTomatoes
gvbrielah,RottenTomatoes
dakywich,TaikaWaititi
MatsukawIsseI,TomHollandTL
jarned00,TaikaWaititi
2zklsvcybk,MarkMahon
MatsukawIsseI,TomHollandTL
SINicalsnowball,TaikaWaititi
BanbenkovaLada,MarkMahon
lBeumSoftware,MarkMahon
MatsukawIsseI,TomHollandTL
eitabro,TaikaWaititi
BrnBuRn,RottenTomatoes
KingNoriko7,TaikaWaititi
6baezlieph,MarkMahon
hwen_iamfam14,MarkMahon
sangahleeart,TaikaWaititi
TepidSharkTake2,TaikaWaititi
Duude_its_alice,RottenTomatoes
ioyoTheatre,MarkMahon
i_rum_you,TaikaWaititi
TruiytakenT,MarkMahon
1adamlerern,MarkMahon
CostasnnI,MarkMahon
SpecDesinsg,MarkMahon
tuancao265,iamDesiNerd
chaverb,MintMovie
tuancao265,iamDesiNerd
BrookhavenHomse,MarkMahon
5yahmi,zulfaqar1994
dipbarua183,TaikaWaititi
xolswxo,TaikaWaititi
disinzad,MarkMahon
aPrigiFashion,MarkMahon
HealthIns4Lsse,MarkMahon
shop_amercnai,MarkMahon
downeysduckling,MarvelNewz
tuancao265,iamDesiNerd
aguilar17_yris,RottenTomatoes
RoberleighHgai,MarkMahon
tuancao265,iamDesiNerd
GaigeGonrod,MarkMahon
tuancao265,iamDesiNerd
The107thDoctor,TaikaWaititi
winmkd4h3,MarkMahon
aeeang,filmfanthailand
VRCosplayX,Ayshaxofficial
Robotodias,TaikaWaititi
ARW_RP,MarkMahon
unnikenjumma,filmfanthailand
teachabletatlne,MarkMahon
chaverb,filmfanthailand
p_________p___p,TaikaWaititi
TransyKA946,MarkMahon
SkiezTheLitmiz,MarkMahon
90Agaguseynovay,MarkMahon
JMETqs,MarkMahon
BradoNll,MarkMahon
iSgnWorksOregno,MarkMahon
USCasinosOnlien,MarkMahon
chapatrizia,AP
aMyaStivens,MarkMahon
YQUTH,TaikaWaititi
essentialtrmeor,MarkMahon
KoKokk_ELF,MarvelThailand
shechillin,TaikaWaititi
ljguyno,MarkMahon
tuancao265,iamDesiNerd
SkateShoesOefrf,MarkMahon
MuthtP,MintMovie
ptt_pdch,n0namae
MissionWebMrgtk,MarkMahon
Nolfiq,MarkMahon
aGlsiresn,MarkMahon
Buddha_Beard,TaikaWaititi
ShannonAther67,MarkMahon
juliannna_x,RottenTomatoes
PoolsEtIcnc,MarkMahon
Chiinyere_n,markhughesfilms
ivdeofitness,MarkMahon
priscillalame,TaikaWaititi
WUSTLcos,MarkMahon
BTJ1521,MarvelThailand
JILwebdesignl,MarkMahon
MM_MIXXA,Filmzlap
Scanedez,MarkMahon
moouant,Filmzlap
GabriYlMe,MarkMahon
zafranzaide,zulfaqar1994
sniederhouse,TaikaWaititi
dentonchoues,MarkMahon
frzfrnd94,filmfanthailand
PyneJason,RottenTomatoes
SweetestOnce,filmfanthailand
ZiZi_Zabahne,MarkMahon
yukhik_lol_MT,TaikaWaititi
southern720,TaikaWaititi
BreakingBill,TaikaWaititi
louiecarrizales,TaikaWaititi
sak0saku,TaikaWaititi
SickleHuntFreA,MarkMahon
hollywoodadi,TheGeekishCast
thebbket,zulfaqar1994
DoubleUAmarlloi,MarkMahon
taylorhary88r,MarkMahon
HlhatkevLSS,MarkMahon
rajipurcellk,MarkMahon
kpfrazn,MarkMahon
deepestdish,TaikaWaititi
mAeriTrak,MarkMahon
CCstar1138,markhughesfilms
BRWishBracetel,MarkMahon
brettba1idr,MarkMahon
AsgardQueen7,drekkydrimm
lovelyrdj,yerawizardberi
bezhumoru,yerawizardberi
ManeFett,TaikaWaititi
Lil_LiLium,TaikaWaititi
MarkusSkupeiak,MarkMahon
MindSqrout,MarkMahon
dontblushglow,larry_draws
SIRAPTAE,MarvelThailand
GROWSouthDaoatk,MarkMahon
iamdeepak4545,taran_adarsh
rceationsindugl,MarkMahon
moodyblue_1977,HiddlesPage
tuancao265,iamDesiNerd
dontblushglow,larry_draws
OliverPapas,TaikaWaititi
pennywa2y44,MarkMahon
happypureorganl,MarkMahon
koosumseon,TaikaWaititi
maryscetipc,MarkMahon
bdenznrice,MarkMahon
chan2soo,filmfanthailand
apracordgyu,MarkMahon
amvximumlife,MarkMahon
_kalluto,filmfanthailand
NounTsp,TaikaWaititi
MLMMAITRX,MarkMahon
kristianmhouse,yerawizardberi
choengji,TaikaWaititi
dbolmanw,MarkMahon
gjhsw,MarkMahon
khet_jirawat,TaikaWaititi
MuiStpst,ChonthichaNBeer
TimothyTTaylorg,MarkMahon
chuyylo,TaikaWaititi
hartrley369,YingjueChen
gothaminformer5,TaikaWaititi
El_Vlasco,TaikaWaititi
Wayne_Petebsno,MarkMahon
YFIConsultign,MarkMahon
lbackthesalno,MarkMahon
aFceandBodyS,MarkMahon
amandagray852,MarkMahon
jaediav,MarkMahon
ChomPoo9450,ginagemeni
TimHillRksoc,MarkMahon
BeNice_Dude,TaikaWaititi
ambersportsagre,MarkMahon
Bonita_Karen,theologybird
SamSykesSwears,YingjueChen
MoonligitMagick,MarkMahon
oPrtraitsProfti,MarkMahon
tangmo190540,ChonthichaNBeer
jccaoipr,MarkMahon
rjut442,MarkMahon
JESTERFOX702,filmfanthailand
lBake_Hall,MarkMahon
WSongnoo,filmfanthailand
SufyanSalleh,markhughesfilms
robert_kirk98,TaikaWaititi
ninjin_go2020,TaikaWaititi
Drafcirkendar,MarkMahon
godkillerdianas,TaikaWaititi
saladepoey,MarkMahon
CoachCharnele,MarkMahon
avlleyburt,MarkMahon
shirosaurus,yerawizardberi
BBHolsl,MarkMahon
That_Angelo_Guy,ComicBookCast
aqilmuhd_,zulfaqar1994
amorrisseyk,MarkMahon
Houstoc_Film_us,MarkMahon
Ordinaryaom,MarvelThailand
BravoConsomd,MarkMahon
rdhillphx,Marvel
W_DistricOtCK,MarkMahon
lCutchSoccre,MarkMahon
kikcasso,TaikaWaititi
Go_Go_Gsmea,MarkMahon
brole12,MarkMahon
ibgprdo,MarkMahon
HealthyAuitsn,MarkMahon
BelkLcuy,MarkMahon
rajkamal3096,LMKMovieManiac
Dan_Keotr,MarkMahon
acffeysocialmed,MarkMahon
MimewMiyu,HiddlesPage
JDParkmanchTe,MarkMahon
ihaveastoryte2l,MarkMahon
RDrago66,markhughesfilms
CryhavocDOW,TaikaWaititi
oicanelds,MarkMahon
VUAjobs,MarkMahon
maggie_rachael,larry_draws
drvmw,MarkMahon
FeatuuedPromos,MarkMahon
eRWPzbJrt9UZEUB,TaikaWaititi
ECigsMiabi,MarkMahon
AMINSTUAS,MarkMahon
eRdBarn1977,MarkMahon
TeoResstel,TaikaWaititi
RCRreview,TaikaWaititi
CortneyRose073,MarkMahon
Mao_jung,n0namae
yylericksno,MarkMahon
skinnylotus,llewellynillus
catsoplerty,MarkMahon
spideyhalo,gwendybee
warin_sour,filmfanthailand
htegiftofgabllc,MarkMahon
mayaiedz,MarkMahon
webepidemci,MarkMahon
PhillyMuslcNote,MarkMahon
robmapse,MarkMahon
JerrySmithcmo,MarkMahon
iwuhousign,MarkMahon
CarlosCamposSa3,MarvelStudios
FailFleet,yerawizardberi
_JakeAnthovy,MarkMahon
warin_sour,MarvelThailand
KrisKai_MYBOYS,filmfanthailand
PeaR_Edhel,TaikaWaititi
plnewspapergirl,MarkMahon
AiexCheatham,MarkMahon
BrzxpertApp,MarkMahon
dianamolinas_15,RottenTomatoes
dontblushglow,larry_draws
JosscarOchae,MarkMahon
__miralaluna,gwendybee
LiveItUpRaliheg,MarkMahon
Cyrektlis,MarkMahon
HsrbalLeader,MarkMahon
TypicalSpider65,TaikaWaititi
d3s74b1L1sss3,TaikaWaititi
CBSelectDaynto,MarkMahon
safiuddin_khaja,TaikaWaititi
MLMoelyr,MarkMahon
B0ssLanda,MarkMahon
DMACf0rPREZ,MarkMahon
wendypeds,mintmintdoodles
freshcor094n,MarkMahon
SadoodKorbNung,MintMovie
pri12_,ilovetaohun
mattsswp,MarkMahon
KrisKai_MYBOYS,MarvelThailand
AaberWallace,MarkMahon
GleeniFontaine,MarkMahon
kiviweevi,BamBluera
Anvintco,MarkMahon
gbzlie,YingjueChen
1229jouraln,MarkMahon
campyalien,racheljpierce
randallpalh,MarkMahon
bangishotyou,YingjueChen
King_of_Gotham,markhughesfilms
mtoddsmiti,MarkMahon
acrrierenegra,MarkMahon
hippolunla,MarvelThailand
lifeofjaykstone,RottenTomatoes
ajbermna,MarkMahon
SusPect_a1,TaikaWaititi
ugsjackson,MarkMahon
Diyana0209,zulfaqar1994
japanish_sea,NishinaTaka
cAtiveisn,MarkMahon
Eddiesbeess,thorofficial
doublejsunod,MarkMahon
codepointcreaet,MarkMahon
ufrisevil,MarkMahon
CoarleBlanco,MarkMahon
Cessnafljer,MarkMahon
Vj_Nirmal_sfc,taran_adarsh
DittoTradep,MarkMahon
KiwiBr0ti7,MarkMahon
POONPUNPUNPOON,Filmzlap
Customer_Likn,MarkMahon
kimekury,NattidaK015
jeffswoffodr,MarkMahon
TI9CI,MarkMahon
mdsyafiq_su,zulfaqar1994
AndrlwDoan,MarkMahon
highonnaplam,MarkMahon
asushiya,TaikaWaititi
achromaniac,xerouo
MrsDallasGrimes,TaikaWaititi
dabeck3x,MarkMahon
uBrlcySchool,MarkMahon
WSongnoo,ilovetaohun
paloyppsw,MarvelThailand
the_river_jp,ema921ema
ManojLuffy,TaikaWaititi
HarlanBroterhs,MarkMahon
JayShockblast,TaikaWaititi
xenonlfog,MarkMahon
delacroiss,TaikaWaititi
BenafflecKuduu,TaikaWaititi
nowwloading,TaikaWaititi
taty_carstairs,Mr_Fredicksen
TATAmama777,TaikaWaititi
Luckie__Bre,MarkMahon
aSntaTereasat,MarkMahon
LilDymeZ53,MarkMahon
nKeePlya,MarkMahon
fulfilledotk,thoribbon
Eddiesbeess,thorofficial
Eddiesbeess,thorofficial
MATTCHlOS,racheljpierce
OhmSlytherin,HiddlesArmy
hnaa_snw,MarvelThailand
InspireMeDesing,MarkMahon
ssthrn,n0namae
colonelchi,TaikaWaititi
iBtmentAev,MarkMahon
Love__Taotto,MarkMahon
WSongnoo,BamBluera
slioe,YingjueChen
WKlyg,MintMovie
Historicimerica,MarkMahon
HIBARIZAA,Purrisetsky
aCuldronRecorsd,MarkMahon
RoceerGavin,MarkMahon
mosstinyhosuse,MarkMahon
moya_skywalker,TaikaWaititi
adam_yallette,MarkMahon
BobbyKaltno,MarkMahon
pphetployyy,Filmzlap
montsebernalg,TaikaWaititi
NicholasMStgonr,MarkMahon
zePalmaPM,MarkMahon
froggynyanko,TaikaWaititi
piqahrahmat,zulfaqar1994
crazyformf,TaikaWaititi
McLisaDesgin,MarkMahon
eJnSmithSocila,MarkMahon
OverlordOf_Evil,TaikaWaititi
Sicribeq,MarkMahon
thequestefs,MarkMahon
MintMovie,TinRueang
aFroukShamir,MarkMahon
canvasdeluxx,MarkMahon
daventureblgo,MarkMahon
LancastFDer,MarkMahon
bvdbara,TaikaWaititi
1070archictet,MarkMahon
PreparednesowsN,MarkMahon
lblarera,MarkMahon
AUNJISUNG13,MarvelThailand
DarrelWWl,MarkMahon
mainlinemaetkr,MarkMahon
mixtapelbcu,MarkMahon
orienegco,MarkMahon
PKK_605,Srta_60s
AeblDesignGroup,MarkMahon
Eddiesbeess,TaikaWaititi
HerecomesRow,TaikaWaititi
Feris_Othman,TaikaWaititi
mgjije,Malina_dim
hwitehousemagci,MarkMahon
lordbowron,HiddlesPage
Sharelilyy,MintMovie
rjmiuzd,MarkMahon
wfieldsforpeto,MarkMahon
OnlyRecoredsr,MarkMahon
nOlineMoviesVT,MarkMahon
Hikari_Ng,TaikaWaititi
nebula_boy,yerawizardberi
kalong8b,MarkMahon
torobbasi,RottenTomatoes
followjulinaa,MarkMahon
Go_Upadrw,MarkMahon
WeatherAlertsSU,MarkMahon
fRiDUchA9,monicahuarte
captainrunya,TaikaWaititi
jimspc,TaikaWaititi
n_nisaaaa,TaikaWaititi
TL1159,MarkMahon
supakritkk,TinRueang
bshipqneeu,MarkMahon
ocditseg,MarkMahon
Mz22419,TaikaWaititi
getzooteds,MarkMahon
RinglinSCgC,MarkMahon
marlosya__,zulfaqar1994
Wxldflxwer_,zulfaqar1994
isngersylvre,MarkMahon
machiatorain,MintMovie
VTGolfGilr,MarkMahon
rojackKLS,MarkMahon
rockthasmo,MarkMahon
ElAquelarre_,PinPoint_Com
ElAquelarre_,monicahuarte
ElAquelarre_,iv_moony
ElAquelarre_,fRiDUchA9
EVMathis,MarkMahon
ElAquelarre_,iv_moony
ElAquelarre_,monicahuarte
snpzt,MarkMahon
johnson_rhonad,MarkMahon
heyitsarsyad,zulfaqar1994
ScottNolanSmiht,MarkMahon
abrbysiegel,MarkMahon
kamenywpee,b2cey
WFDfu,MarkMahon
domgreane,MarkMahon
NobegoDotCmo,MarkMahon
Q_MVL5,TaikaWaititi
Roni13_san,byizzys
thecustombxeso,MarkMahon
orangel2ub,MarkMahon
orbmackya,MarkMahon
___wwwwwinz,MarvelThailand
mrdevilblue,MintMovie
shanehoule42,MarkMahon
poolman645,MarkMahon
LaurlJohnsen,MarkMahon
KiwitheTortoise,TaikaWaititi
kkxtyy,JoyceDuboise
warichab,TaikaWaititi
TworkzFeMro,MarkMahon
lacabralgenag,MarkMahon
itsChiara_F,thorofficial
raldrich615,MarkMahon
kimgyeombin,MintMovie
dcxlr,MintMovie
HarvardMidea,MarkMahon
valkyriorsif,TaikaWaititi
t_fiero,MarkMahon
dchealthpoyilc,MarkMahon
jDRemarkable781,MarkMahon
Hekkusu,TaikaWaititi
oPetryTeachNYC,MarkMahon
UNCedmroin,MarkMahon
oNtTheHoff,MarkMahon
RaxieliSnz,MarkMahon
stayklassyaz,TaikaWaititi
Fanboy_Arjun,TaikaWaititi
OrgHiechick,MarkMahon
hPalanxWebMedia,MarkMahon
ShoneNMonokurO,b2cey
ariellepeliessi,MarkMahon
VincaCallista,ariasparrow
SymonNoyes,larry_draws
mgjije,kinzyyumi
1Dlch,SuperheroPOLL
transcripoion_1,MarkMahon
abhinavkanukunt,TaikaWaititi
ladiizmaya,MintMovie
LUMiNoirY,b2cey
tatiluusworld,TaikaWaititi
hrhairil,TaikaWaititi
mairanuar,zulfaqar1994
supakritkk,MintMovie
LizLuria,TaikaWaititi
deronpa125,TaikaWaititi
rocohiroco,TaikaWaititi
mgjije,Purrisetsky
102pe,TaikaWaititi
Metal_Kitty,thorofficial
Mao_jung,TaikaWaititi
karlhacontreras,TaikaWaititi
ElizabeIdaios,andyparkart
Ratcicle,b2cey
ibuika,ema921ema
ChronicBedhead,yerawizardberi
sanae_fgo,ema921ema
supakritkk,JacksonSze
Faeezu99,TaikaWaititi
WalkingFannibal,TaikaWaititi
wayo_jin,MarvelThailand
achromaniac,reammm
SrtaKarame,TaikaWaititi
FlameBoyHere,IniciativaV
achromaniac,reammm
ernestuitero,TaikaWaititi
bvniq,TaikaWaititi
hirwaaaan,zulfaqar1994
SeeZa77663359,ZazilHaXaman
SeeZa77663359,hot4hiddles
SeeZa77663359,raha_shreyasi
Rikuo_Kami,TaikaWaititi
